{"mean": -3.05010195035461, "std": 2.0955117304559443}